epochs,accuracy,auc,loss,pr_auc,precision,recall,val_accuracy,val_auc,val_loss,val_pr_auc,val_precision,val_recall
0,0.9731827974319458,0.9774393439292908,0.3562646806240082,0.9531115889549255,0.9564706087112427,0.9542253613471985,0.9790475964546204,0.9926315546035767,0.27769309282302856,0.8771929740905762,0.8196721076965332,1.0
1,0.9915314316749573,0.993805468082428,0.12243573367595673,0.9865085482597351,0.98591548204422,0.98591548204422,0.9961904883384705,0.9988842010498047,0.045655157417058945,0.9796232581138611,0.9615384340286255,1.0
2,0.9992942810058594,0.9991599917411804,0.019033029675483704,0.998255729675293,0.998826265335083,0.998826265335083,0.9942857027053833,0.9988842010498047,0.02968013472855091,0.9796232581138611,0.9607843160629272,0.9800000190734863
3,0.9985885620117188,0.9991573691368103,0.0062592593021690845,0.998249351978302,0.9976525902748108,0.9976525902748108,0.9923809766769409,0.995705246925354,0.12673549354076385,0.9245423674583435,0.9259259104728699,1.0
4,0.9947071075439453,0.9951950311660767,0.055387094616889954,0.9906781911849976,0.9917743802070618,0.9906103014945984,0.9980952143669128,0.9989473223686218,0.05585295334458351,0.9803921580314636,0.9803921580314636,1.0
5,0.9964714050292969,0.996882975101471,0.04363437741994858,0.994182825088501,0.9941314458847046,0.9941314458847046,0.9942857027053833,0.9889053106307983,0.09178110212087631,0.9652220010757446,0.9607843160629272,0.9800000190734863
6,0.9996471405029297,0.9994131326675415,0.00455061299726367,0.9994325637817383,1.0,0.998826265335083,0.9904761910438538,0.9957894682884216,0.24821367859840393,0.9259259104728699,0.9090909361839294,1.0
7,0.9982357025146484,0.9985707998275757,0.020159225910902023,0.9976847171783447,0.9976498484611511,0.9964788556098938,0.9923809766769409,0.9957894682884216,0.40316450595855713,0.9259259104728699,0.9259259104728699,1.0
8,1.0,1.0,2.9123521372298455e-09,1.0,1.0,1.0,0.9904761910438538,0.9868210554122925,0.28165262937545776,0.9282541275024414,0.9245283007621765,0.9800000190734863
9,0.9996471405029297,1.0,0.0004373114206828177,1.0,1.0,0.998826265335083,0.9942857027053833,0.9878526329994202,0.2666715979576111,0.9463611841201782,0.9607843160629272,0.9800000190734863
10,1.0,1.0,6.209164712345228e-05,1.0,1.0,1.0,0.9942857027053833,0.9878737330436707,0.27541646361351013,0.9463906288146973,0.9607843160629272,0.9800000190734863
11,1.0,1.0,9.24449197747812e-11,1.0,1.0,1.0,0.9942857027053833,0.9878737330436707,0.27537477016448975,0.9463906288146973,0.9607843160629272,0.9800000190734863
12,1.0,1.0,1.9607798549259314e-06,1.0,1.0,1.0,0.9923809766769409,0.9878737330436707,0.27846598625183105,0.9463906288146973,0.942307710647583,0.9800000190734863
13,1.0,1.0,2.915625857066728e-12,1.0,1.0,1.0,0.9923809766769409,0.9878737330436707,0.27846595644950867,0.9463906288146973,0.942307710647583,0.9800000190734863
14,1.0,1.0,4.933889741209896e-09,1.0,1.0,1.0,0.9923809766769409,0.9878737330436707,0.27847710251808167,0.9463906288146973,0.942307710647583,0.9800000190734863
15,1.0,1.0,3.0713200537511864e-13,1.0,1.0,1.0,0.9923809766769409,0.9878737330436707,0.27847710251808167,0.9463906288146973,0.942307710647583,0.9800000190734863
16,1.0,1.0,4.7817489551293946e-11,1.0,1.0,1.0,0.9923809766769409,0.9878737330436707,0.27847716212272644,0.9463906288146973,0.942307710647583,0.9800000190734863
17,1.0,1.0,2.504313215467846e-06,1.0,1.0,1.0,0.9923809766769409,0.9878737330436707,0.28736984729766846,0.9463906288146973,0.942307710647583,0.9800000190734863
18,1.0,1.0,9.869376071947045e-07,1.0,1.0,1.0,0.9923809766769409,0.9878737330436707,0.2908323407173157,0.9463906288146973,0.942307710647583,0.9800000190734863
19,1.0,1.0,3.4871885645770817e-07,1.0,1.0,1.0,0.9923809766769409,0.9878737330436707,0.2922874391078949,0.9463906288146973,0.942307710647583,0.9800000190734863
20,1.0,1.0,3.1057389732885854e-12,1.0,1.0,1.0,0.9923809766769409,0.9878737330436707,0.2922874689102173,0.9463906288146973,0.942307710647583,0.9800000190734863
21,1.0,1.0,1.4634374601030231e-08,1.0,1.0,1.0,0.9923809766769409,0.9878737330436707,0.29233282804489136,0.9463906288146973,0.942307710647583,0.9800000190734863
22,1.0,1.0,1.343866099130786e-12,1.0,1.0,1.0,0.9923809766769409,0.9878737330436707,0.29233303666114807,0.9463906288146973,0.942307710647583,0.9800000190734863
23,1.0,1.0,2.7019959186747045e-11,1.0,1.0,1.0,0.9923809766769409,0.9878737330436707,0.2923330068588257,0.9463906288146973,0.942307710647583,0.9800000190734863
24,1.0,1.0,1.705577778920997e-05,1.0,1.0,1.0,0.9923809766769409,0.9967368245124817,0.3487781584262848,0.94196617603302,0.942307710647583,0.9800000190734863
25,1.0,1.0,3.657544667134971e-08,1.0,1.0,1.0,0.9923809766769409,0.9868210554122925,0.34873485565185547,0.9282541275024414,0.942307710647583,0.9800000190734863
26,1.0,1.0,3.3690511713757587e-07,1.0,1.0,1.0,0.9923809766769409,0.9868210554122925,0.347041517496109,0.9282541275024414,0.942307710647583,0.9800000190734863
27,0.9961185455322266,0.9960500597953796,0.10958773642778397,0.9924647808074951,0.9941245317459106,0.9929577708244324,0.9866666793823242,0.9836841821670532,1.2646161317825317,0.8778263926506042,0.8909090757369995,0.9800000190734863
28,0.9950599670410156,0.9940375089645386,0.09773191064596176,0.9895956516265869,0.9929412007331848,0.9906103014945984,0.977142870426178,0.9894737005233765,1.343305230140686,0.8333332538604736,0.8064516186714172,1.0
29,0.9971771240234375,0.9972285032272339,0.08836077153682709,0.9936187863349915,0.9941452145576477,0.9964788556098938,0.9923809766769409,0.9977052807807922,0.30465033650398254,0.9591151475906372,0.9599999785423279,0.9599999785423279
30,0.9982357025146484,0.9985724687576294,0.04097875952720642,0.9976885914802551,0.9976498484611511,0.9964788556098938,0.9847618937492371,0.9915789365768433,1.80796217918396,0.8620689511299133,0.8620689511299133,1.0
31,0.9975299835205078,0.9989011883735657,0.03982295095920563,0.9970685839653015,0.9953106641769409,0.9964788556098938,0.9847618937492371,0.9936841726303101,1.664506196975708,0.8928571343421936,0.8620689511299133,1.0
32,0.9992942810058594,0.9991608262062073,0.015118592418730259,0.9982599020004272,0.998826265335083,0.998826265335083,0.9885714054107666,0.9936841726303101,1.4621808528900146,0.8928571343421936,0.8928571343421936,1.0
33,0.9992942810058594,0.9991608262062073,0.014785022474825382,0.9982599020004272,0.998826265335083,0.998826265335083,0.9923809766769409,0.9957894682884216,0.9614279270172119,0.9259259104728699,0.9259259104728699,1.0
34,1.0,1.0,0.00017445205594412982,1.0,1.0,1.0,0.9942857027053833,0.9968421459197998,0.676767110824585,0.9433962106704712,0.9433962106704712,1.0
35,0.9996471405029297,1.0,0.0004812965344171971,1.0,1.0,0.998826265335083,0.9904761910438538,0.9947368502616882,1.2427034378051758,0.9090909361839294,0.9090909361839294,1.0
36,0.9996471405029297,0.9997476935386658,0.005480658728629351,0.9988276958465576,0.9988276958465576,1.0,0.9923809766769409,0.996842086315155,0.8136090636253357,0.9433962106704712,0.9259259104728699,1.0
37,1.0,1.0,7.9444564787784595e-16,1.0,1.0,1.0,0.9923809766769409,0.996842086315155,0.8110641241073608,0.9433962106704712,0.9259259104728699,1.0
38,1.0,1.0,2.7777218747360166e-07,1.0,1.0,1.0,0.9923809766769409,0.996842086315155,0.8123918175697327,0.9433962106704712,0.9259259104728699,1.0
39,1.0,1.0,2.5632709879484664e-15,1.0,1.0,1.0,0.9923809766769409,0.996842086315155,0.8124395608901978,0.9433962106704712,0.9259259104728699,1.0
40,1.0,1.0,2.067548848572187e-06,1.0,1.0,1.0,0.9923809766769409,0.996842086315155,0.8193156719207764,0.9433962106704712,0.9259259104728699,1.0
41,1.0,1.0,2.900413069439889e-11,1.0,1.0,1.0,0.9923809766769409,0.996842086315155,0.8193156719207764,0.9433962106704712,0.9259259104728699,1.0
42,1.0,1.0,5.324678821775827e-14,1.0,1.0,1.0,0.9923809766769409,0.996842086315155,0.8193156719207764,0.9433962106704712,0.9259259104728699,1.0
43,1.0,1.0,5.166124195099542e-10,1.0,1.0,1.0,0.9923809766769409,0.996842086315155,0.8193165063858032,0.9433962106704712,0.9259259104728699,1.0
44,1.0,1.0,3.634480716385724e-09,1.0,1.0,1.0,0.9923809766769409,0.996842086315155,0.8193445205688477,0.9433962106704712,0.9259259104728699,1.0
45,1.0,1.0,2.4016349797761904e-08,1.0,1.0,1.0,0.9923809766769409,0.996842086315155,0.8194852471351624,0.9433962106704712,0.9259259104728699,1.0
46,0.9992942810058594,0.9994128346443176,0.006816451903432608,0.9994322061538696,0.998826265335083,0.998826265335083,0.9904761910438538,0.9957894682884216,1.071162223815918,0.9259259104728699,0.9090909361839294,1.0
47,0.9992942810058594,0.9991608262062073,0.020713679492473602,0.9982599020004272,0.998826265335083,0.998826265335083,0.9923809766769409,0.9957894682884216,1.1816190481185913,0.9259259104728699,0.9259259104728699,1.0
48,0.9992942810058594,0.9994125366210938,0.02543412335216999,0.9994319677352905,0.998826265335083,0.998826265335083,0.9885714054107666,0.9947367906570435,1.1095342636108398,0.9090909361839294,0.8928571343421936,1.0
49,1.0,1.0,4.2590306748024886e-07,1.0,1.0,1.0,0.9885714054107666,0.9957894086837769,1.0995256900787354,0.9259259104728699,0.8928571343421936,1.0
50,1.0,1.0,7.148335505610063e-16,1.0,1.0,1.0,0.9885714054107666,0.9957894086837769,1.0995256900787354,0.9259259104728699,0.8928571343421936,1.0
51,1.0,1.0,1.215514776505e-13,1.0,1.0,1.0,0.9885714054107666,0.9957894086837769,1.0995256900787354,0.9259259104728699,0.8928571343421936,1.0
52,1.0,1.0,9.081566234973599e-15,1.0,1.0,1.0,0.9885714054107666,0.9957894086837769,1.0995256900787354,0.9259259104728699,0.8928571343421936,1.0
53,1.0,1.0,2.914130828244715e-17,1.0,1.0,1.0,0.9885714054107666,0.9957894086837769,1.0995256900787354,0.9259259104728699,0.8928571343421936,1.0
54,1.0,1.0,7.147676558799949e-22,1.0,1.0,1.0,0.9885714054107666,0.9957894086837769,1.0995256900787354,0.9259259104728699,0.8928571343421936,1.0
55,1.0,1.0,1.3796569993696384e-19,1.0,1.0,1.0,0.9885714054107666,0.9957894086837769,1.0995256900787354,0.9259259104728699,0.8928571343421936,1.0
56,1.0,1.0,5.633922772751987e-10,1.0,1.0,1.0,0.9885714054107666,0.9957894086837769,1.099517583847046,0.9259259104728699,0.8928571343421936,1.0
57,1.0,1.0,2.0754834754044965e-14,1.0,1.0,1.0,0.9885714054107666,0.9957894086837769,1.099517583847046,0.9259259104728699,0.8928571343421936,1.0
58,1.0,1.0,1.3342122848481857e-16,1.0,1.0,1.0,0.9885714054107666,0.9957894086837769,1.099517583847046,0.9259259104728699,0.8928571343421936,1.0
59,1.0,1.0,1.480868008000014e-20,1.0,1.0,1.0,0.9885714054107666,0.9957894086837769,1.099517583847046,0.9259259104728699,0.8928571343421936,1.0
60,1.0,1.0,2.353457676093769e-18,1.0,1.0,1.0,0.9885714054107666,0.9957894086837769,1.099517583847046,0.9259259104728699,0.8928571343421936,1.0
61,1.0,1.0,5.995613873405843e-15,1.0,1.0,1.0,0.9885714054107666,0.9957894086837769,1.099517583847046,0.9259259104728699,0.8928571343421936,1.0
62,1.0,1.0,3.1706515799471275e-16,1.0,1.0,1.0,0.9885714054107666,0.9957894086837769,1.099517583847046,0.9259259104728699,0.8928571343421936,1.0
63,1.0,1.0,1.6854122264486904e-12,1.0,1.0,1.0,0.9885714054107666,0.9957894086837769,1.099517583847046,0.9259259104728699,0.8928571343421936,1.0
64,1.0,1.0,2.6093684504790993e-12,1.0,1.0,1.0,0.9885714054107666,0.9957894086837769,1.099517583847046,0.9259259104728699,0.8928571343421936,1.0
65,1.0,1.0,1.1166351963847696e-16,1.0,1.0,1.0,0.9885714054107666,0.9957894086837769,1.099517583847046,0.9259259104728699,0.8928571343421936,1.0
66,1.0,1.0,2.2885634359814944e-11,1.0,1.0,1.0,0.9885714054107666,0.9957894086837769,1.099517822265625,0.9259259104728699,0.8928571343421936,1.0
67,1.0,1.0,6.701681056479241e-15,1.0,1.0,1.0,0.9885714054107666,0.9957894086837769,1.099517822265625,0.9259259104728699,0.8928571343421936,1.0
68,1.0,1.0,1.3315169279659589e-12,1.0,1.0,1.0,0.9885714054107666,0.9957894086837769,1.099517822265625,0.9259259104728699,0.8928571343421936,1.0
69,1.0,1.0,2.7394710215186836e-18,1.0,1.0,1.0,0.9885714054107666,0.9957894086837769,1.099517822265625,0.9259259104728699,0.8928571343421936,1.0
70,1.0,1.0,4.4445994811075005e-23,1.0,1.0,1.0,0.9885714054107666,0.9957894086837769,1.099517822265625,0.9259259104728699,0.8928571343421936,1.0
71,1.0,1.0,2.9300055615729497e-20,1.0,1.0,1.0,0.9885714054107666,0.9957894086837769,1.0995177030563354,0.9259259104728699,0.8928571343421936,1.0
72,1.0,1.0,1.7034226118539664e-07,1.0,1.0,1.0,0.9885714054107666,0.9947367906570435,1.106069564819336,0.9090909361839294,0.8928571343421936,1.0
73,1.0,1.0,1.3923267852253847e-17,1.0,1.0,1.0,0.9885714054107666,0.9947367906570435,1.1060726642608643,0.9090909361839294,0.8928571343421936,1.0
74,1.0,1.0,1.1986684656848098e-22,1.0,1.0,1.0,0.9885714054107666,0.9947367906570435,1.1060726642608643,0.9090909361839294,0.8928571343421936,1.0
75,1.0,1.0,1.2227202496768583e-16,1.0,1.0,1.0,0.9885714054107666,0.9947367906570435,1.1060726642608643,0.9090909361839294,0.8928571343421936,1.0
76,1.0,1.0,1.764926919889387e-11,1.0,1.0,1.0,0.9885714054107666,0.9947367906570435,1.106073260307312,0.9090909361839294,0.8928571343421936,1.0
77,1.0,1.0,1.9139978338270573e-17,1.0,1.0,1.0,0.9885714054107666,0.9947367906570435,1.106073260307312,0.9090909361839294,0.8928571343421936,1.0
78,0.9996471405029297,0.9994128346443176,0.002138056792318821,0.9994322657585144,1.0,0.998826265335083,0.9923809766769409,0.995705246925354,1.7821725606918335,0.9245423674583435,0.9259259104728699,1.0
79,0.9996471405029297,0.9997473955154419,0.007501391693949699,0.998826265335083,0.9988276958465576,1.0,0.9923809766769409,0.9957894682884216,1.7398332357406616,0.9259259104728699,0.9259259104728699,1.0
80,1.0,1.0,3.857249551909208e-15,1.0,1.0,1.0,0.9923809766769409,0.9957894682884216,1.7398386001586914,0.9259259104728699,0.9259259104728699,1.0
81,0.9992942810058594,0.9997473955154419,0.007726402021944523,0.998826265335083,0.998826265335083,0.998826265335083,0.9904761910438538,0.9857894778251648,1.4588806629180908,0.9108303189277649,0.9245283007621765,0.9800000190734863
82,1.0,1.0,2.7940212290061017e-21,1.0,1.0,1.0,0.9904761910438538,0.9857894778251648,1.4588807821273804,0.9108303189277649,0.9245283007621765,0.9800000190734863
83,0.9985885620117188,0.9985724687576294,0.05105648934841156,0.9976885914802551,0.9976525902748108,0.9976525902748108,0.9904761910438538,0.9857894778251648,1.6173923015594482,0.9108303189277649,0.9245283007621765,0.9800000190734863
84,1.0,1.0,2.216973351721698e-23,1.0,1.0,1.0,0.9904761910438538,0.9857894778251648,1.601635456085205,0.9108303189277649,0.9245283007621765,0.9800000190734863
85,1.0,1.0,1.339904298625072e-10,1.0,1.0,1.0,0.9904761910438538,0.9857894778251648,1.6016334295272827,0.9108303189277649,0.9245283007621765,0.9800000190734863
86,1.0,1.0,3.662197405471333e-20,1.0,1.0,1.0,0.9904761910438538,0.9857894778251648,1.6016334295272827,0.9108303189277649,0.9245283007621765,0.9800000190734863
87,0.9989414215087891,0.9991605281829834,0.0075461226515471935,0.9982585310935974,0.9988248944282532,0.9976525902748108,0.9885714054107666,0.9936841726303101,2.1920647621154785,0.8928571343421936,0.8928571343421936,1.0
88,0.9982357025146484,0.9980688691139221,0.08091428875923157,0.9953537583351135,0.9964830279350281,0.9976525902748108,0.9923809766769409,0.986842155456543,0.8661733269691467,0.9282835721969604,0.942307710647583,0.9800000190734863
89,0.9992942810058594,0.9991608262062073,0.010516089387238026,0.9982599020004272,0.998826265335083,0.998826265335083,0.9923809766769409,0.9967789649963379,0.9315402507781982,0.9423186779022217,0.942307710647583,0.9800000190734863
90,1.0,1.0,5.709108047009968e-19,1.0,1.0,1.0,0.9923809766769409,0.9967789649963379,0.9315402507781982,0.9423186779022217,0.942307710647583,0.9800000190734863
91,1.0,1.0,5.157926068605032e-19,1.0,1.0,1.0,0.9923809766769409,0.9967789649963379,0.9315402507781982,0.9423186779022217,0.942307710647583,0.9800000190734863
92,1.0,1.0,1.6681743688830925e-22,1.0,1.0,1.0,0.9923809766769409,0.9967789649963379,0.9315402507781982,0.9423186779022217,0.942307710647583,0.9800000190734863
93,1.0,1.0,4.7188420558496336e-17,1.0,1.0,1.0,0.9923809766769409,0.9967789649963379,0.9315402507781982,0.9423186779022217,0.942307710647583,0.9800000190734863
94,1.0,1.0,4.226529905189463e-31,1.0,1.0,1.0,0.9923809766769409,0.9967789649963379,0.9315402507781982,0.9423186779022217,0.942307710647583,0.9800000190734863
95,1.0,1.0,2.7652475763975414e-24,1.0,1.0,1.0,0.9923809766769409,0.9967789649963379,0.9315402507781982,0.9423186779022217,0.942307710647583,0.9800000190734863
96,1.0,1.0,2.2443747569718878e-27,1.0,1.0,1.0,0.9923809766769409,0.9967789649963379,0.9315402507781982,0.9423186779022217,0.942307710647583,0.9800000190734863
97,1.0,1.0,3.6743124636720985e-23,1.0,1.0,1.0,0.9923809766769409,0.9967789649963379,0.9315402507781982,0.9423186779022217,0.942307710647583,0.9800000190734863
98,1.0,1.0,3.066233991026697e-31,1.0,1.0,1.0,0.9923809766769409,0.9967789649963379,0.9315402507781982,0.9423186779022217,0.942307710647583,0.9800000190734863
99,1.0,1.0,5.986916936172996e-29,1.0,1.0,1.0,0.9923809766769409,0.9967789649963379,0.9315402507781982,0.9423186779022217,0.942307710647583,0.9800000190734863
100,1.0,1.0,1.28708991239877e-23,1.0,1.0,1.0,0.9923809766769409,0.9967789649963379,0.9315402507781982,0.9423186779022217,0.942307710647583,0.9800000190734863
101,1.0,1.0,4.569460688465515e-15,1.0,1.0,1.0,0.9923809766769409,0.9967789649963379,0.9315402507781982,0.9423186779022217,0.942307710647583,0.9800000190734863
102,1.0,1.0,5.5859648129580174e-21,1.0,1.0,1.0,0.9923809766769409,0.9967789649963379,0.931540310382843,0.9423186779022217,0.942307710647583,0.9800000190734863
103,1.0,1.0,7.6106853241728875e-28,1.0,1.0,1.0,0.9923809766769409,0.9967789649963379,0.931540310382843,0.9423186779022217,0.942307710647583,0.9800000190734863
104,1.0,1.0,3.179463578409202e-28,1.0,1.0,1.0,0.9923809766769409,0.9967789649963379,0.9315402507781982,0.9423186779022217,0.942307710647583,0.9800000190734863
105,1.0,1.0,6.97121218435381e-29,1.0,1.0,1.0,0.9923809766769409,0.9967789649963379,0.931540310382843,0.9423186779022217,0.942307710647583,0.9800000190734863
106,1.0,1.0,4.135639287399955e-25,1.0,1.0,1.0,0.9923809766769409,0.9967789649963379,0.9315402507781982,0.9423186779022217,0.942307710647583,0.9800000190734863
107,1.0,1.0,4.361616283701953e-24,1.0,1.0,1.0,0.9923809766769409,0.9967789649963379,0.9315402507781982,0.9423186779022217,0.942307710647583,0.9800000190734863
108,1.0,1.0,5.788409896764073e-22,1.0,1.0,1.0,0.9923809766769409,0.9967789649963379,0.9315402507781982,0.9423186779022217,0.942307710647583,0.9800000190734863
109,1.0,1.0,2.277232508492694e-26,1.0,1.0,1.0,0.9923809766769409,0.9967789649963379,0.9315402507781982,0.9423186779022217,0.942307710647583,0.9800000190734863
110,1.0,1.0,0.00018716236809268594,1.0,1.0,1.0,0.9847618937492371,0.9926315546035767,1.8987706899642944,0.8771929740905762,0.8620689511299133,1.0
111,0.9992942810058594,0.9991608262062073,0.03250659257173538,0.9982599020004272,0.998826265335083,0.998826265335083,0.9942857027053833,0.9968421459197998,1.4395285844802856,0.9433962106704712,0.9433962106704712,1.0
112,1.0,1.0,5.5173753358384185e-19,1.0,1.0,1.0,0.9904761910438538,0.9957894682884216,1.8288801908493042,0.9259259104728699,0.9090909361839294,1.0
113,1.0,1.0,1.811322647427005e-08,1.0,1.0,1.0,0.9904761910438538,0.9957894682884216,1.8190698623657227,0.9259259104728699,0.9090909361839294,1.0
114,1.0,1.0,2.1884095465268905e-20,1.0,1.0,1.0,0.9904761910438538,0.9957894682884216,1.8171740770339966,0.9259259104728699,0.9090909361839294,1.0
115,1.0,1.0,4.492648002402063e-30,1.0,1.0,1.0,0.9904761910438538,0.9957894682884216,1.8171741962432861,0.9259259104728699,0.9090909361839294,1.0
116,1.0,1.0,1.2210339976341463e-21,1.0,1.0,1.0,0.9904761910438538,0.9957894682884216,1.8171740770339966,0.9259259104728699,0.9090909361839294,1.0
117,1.0,1.0,3.938409792519568e-14,1.0,1.0,1.0,0.9904761910438538,0.9957894682884216,1.8171741962432861,0.9259259104728699,0.9090909361839294,1.0
118,1.0,1.0,1.604865600222244e-13,1.0,1.0,1.0,0.9904761910438538,0.9957894682884216,1.8171740770339966,0.9259259104728699,0.9090909361839294,1.0
119,1.0,1.0,1.5641006827389614e-13,1.0,1.0,1.0,0.9904761910438538,0.9957894682884216,1.817173957824707,0.9259259104728699,0.9090909361839294,1.0
120,1.0,1.0,5.692530101512828e-23,1.0,1.0,1.0,0.9904761910438538,0.9957894682884216,1.8171738386154175,0.9259259104728699,0.9090909361839294,1.0
121,1.0,1.0,5.1798840742736194e-17,1.0,1.0,1.0,0.9904761910438538,0.9957894682884216,1.817173957824707,0.9259259104728699,0.9090909361839294,1.0
122,1.0,1.0,5.017331493849253e-13,1.0,1.0,1.0,0.9904761910438538,0.9957894682884216,1.817173957824707,0.9259259104728699,0.9090909361839294,1.0
123,1.0,1.0,2.2086907263688526e-25,1.0,1.0,1.0,0.9904761910438538,0.9957894682884216,1.8171738386154175,0.9259259104728699,0.9090909361839294,1.0
124,1.0,1.0,8.450363742085187e-10,1.0,1.0,1.0,0.9904761910438538,0.9957894682884216,1.8160887956619263,0.9259259104728699,0.9090909361839294,1.0
125,1.0,1.0,2.4858286971446713e-22,1.0,1.0,1.0,0.9904761910438538,0.9957894682884216,1.8159207105636597,0.9259259104728699,0.9090909361839294,1.0
126,1.0,1.0,8.77796590637563e-25,1.0,1.0,1.0,0.9904761910438538,0.9957894682884216,1.8159207105636597,0.9259259104728699,0.9090909361839294,1.0
127,1.0,1.0,6.128734497679034e-08,1.0,1.0,1.0,0.9923809766769409,0.9957894682884216,1.7860486507415771,0.9259259104728699,0.9259259104728699,1.0
128,1.0,1.0,1.1086236047363363e-17,1.0,1.0,1.0,0.9923809766769409,0.9957894682884216,1.7650158405303955,0.9259259104728699,0.9259259104728699,1.0
129,1.0,1.0,2.1978052556168997e-16,1.0,1.0,1.0,0.9923809766769409,0.9957894682884216,1.7650158405303955,0.9259259104728699,0.9259259104728699,1.0
130,1.0,1.0,1.5188426208715205e-22,1.0,1.0,1.0,0.9923809766769409,0.9957894682884216,1.7650158405303955,0.9259259104728699,0.9259259104728699,1.0
131,1.0,1.0,1.5523862790608073e-26,1.0,1.0,1.0,0.9923809766769409,0.9957894682884216,1.7650158405303955,0.9259259104728699,0.9259259104728699,1.0
132,1.0,1.0,1.6203210937700603e-28,1.0,1.0,1.0,0.9923809766769409,0.9957894682884216,1.765015959739685,0.9259259104728699,0.9259259104728699,1.0
133,1.0,1.0,3.9204946393885885e-27,1.0,1.0,1.0,0.9923809766769409,0.9957894682884216,1.765015959739685,0.9259259104728699,0.9259259104728699,1.0
134,1.0,1.0,5.692903453602051e-22,1.0,1.0,1.0,0.9923809766769409,0.9957894682884216,1.765015959739685,0.9259259104728699,0.9259259104728699,1.0
135,1.0,1.0,4.209811973614178e-20,1.0,1.0,1.0,0.9923809766769409,0.9957894682884216,1.7650158405303955,0.9259259104728699,0.9259259104728699,1.0
136,1.0,1.0,3.1190399338164827e-28,1.0,1.0,1.0,0.9923809766769409,0.9957894682884216,1.765015959739685,0.9259259104728699,0.9259259104728699,1.0
137,1.0,1.0,1.4688550092168894e-28,1.0,1.0,1.0,0.9923809766769409,0.9957894682884216,1.7650158405303955,0.9259259104728699,0.9259259104728699,1.0
138,1.0,1.0,1.000530824323082e-24,1.0,1.0,1.0,0.9923809766769409,0.9957894682884216,1.765015959739685,0.9259259104728699,0.9259259104728699,1.0
139,1.0,1.0,1.1708655861541756e-14,1.0,1.0,1.0,0.9923809766769409,0.9957894682884216,1.7650158405303955,0.9259259104728699,0.9259259104728699,1.0
140,1.0,1.0,4.905315588444058e-25,1.0,1.0,1.0,0.9923809766769409,0.9957894682884216,1.765015959739685,0.9259259104728699,0.9259259104728699,1.0
141,1.0,1.0,2.64542506875004e-35,1.0,1.0,1.0,0.9923809766769409,0.9957894682884216,1.7650158405303955,0.9259259104728699,0.9259259104728699,1.0
142,1.0,1.0,1.5627417836139835e-21,1.0,1.0,1.0,0.9923809766769409,0.9957894682884216,1.765015959739685,0.9259259104728699,0.9259259104728699,1.0
143,1.0,1.0,3.580217085924851e-19,1.0,1.0,1.0,0.9923809766769409,0.9957894682884216,1.765015959739685,0.9259259104728699,0.9259259104728699,1.0
144,1.0,1.0,1.1531121033957038e-24,1.0,1.0,1.0,0.9923809766769409,0.9957894682884216,1.765015959739685,0.9259259104728699,0.9259259104728699,1.0
145,1.0,1.0,3.2867650800720353e-28,1.0,1.0,1.0,0.9923809766769409,0.9957894682884216,1.7650158405303955,0.9259259104728699,0.9259259104728699,1.0
146,1.0,1.0,2.471376576034405e-24,1.0,1.0,1.0,0.9923809766769409,0.9957894682884216,1.7650160789489746,0.9259259104728699,0.9259259104728699,1.0
147,1.0,1.0,3.433238940436453e-16,1.0,1.0,1.0,0.9923809766769409,0.9957894682884216,1.765015959739685,0.9259259104728699,0.9259259104728699,1.0
148,1.0,1.0,1.1255771676989781e-17,1.0,1.0,1.0,0.9923809766769409,0.9957894682884216,1.765015959739685,0.9259259104728699,0.9259259104728699,1.0
149,1.0,1.0,3.731315345589792e-08,1.0,1.0,1.0,0.9923809766769409,0.9957894682884216,1.7069233655929565,0.9259259104728699,0.9259259104728699,1.0
150,1.0,1.0,3.9368671263276324e-29,1.0,1.0,1.0,0.9923809766769409,0.9957894682884216,1.7069231271743774,0.9259259104728699,0.9259259104728699,1.0
151,1.0,1.0,4.8496537214077494e-17,1.0,1.0,1.0,0.9923809766769409,0.9957894682884216,1.7069231271743774,0.9259259104728699,0.9259259104728699,1.0
152,1.0,1.0,4.2831541364966484e-20,1.0,1.0,1.0,0.9923809766769409,0.9957894682884216,1.7069231271743774,0.9259259104728699,0.9259259104728699,1.0
153,1.0,1.0,1.4651358849714684e-21,1.0,1.0,1.0,0.9923809766769409,0.9957894682884216,1.7069231271743774,0.9259259104728699,0.9259259104728699,1.0
154,1.0,1.0,6.588615584212467e-27,1.0,1.0,1.0,0.9923809766769409,0.9957894682884216,1.7069231271743774,0.9259259104728699,0.9259259104728699,1.0
155,1.0,1.0,2.035044558629433e-29,1.0,1.0,1.0,0.9923809766769409,0.9957894682884216,1.7069231271743774,0.9259259104728699,0.9259259104728699,1.0
156,1.0,1.0,5.59257823486504e-26,1.0,1.0,1.0,0.9923809766769409,0.9957894682884216,1.7069231271743774,0.9259259104728699,0.9259259104728699,1.0
157,1.0,1.0,2.113120286865895e-23,1.0,1.0,1.0,0.9923809766769409,0.9957894682884216,1.7069231271743774,0.9259259104728699,0.9259259104728699,1.0
158,1.0,1.0,1.9764622424771782e-33,1.0,1.0,1.0,0.9923809766769409,0.9957894682884216,1.7069231271743774,0.9259259104728699,0.9259259104728699,1.0
159,1.0,1.0,3.8727143998800936e-29,1.0,1.0,1.0,0.9923809766769409,0.9957894682884216,1.7069231271743774,0.9259259104728699,0.9259259104728699,1.0
160,1.0,1.0,1.1974919648416505e-21,1.0,1.0,1.0,0.9923809766769409,0.9957894682884216,1.7069231271743774,0.9259259104728699,0.9259259104728699,1.0
161,1.0,1.0,3.793078589935106e-14,1.0,1.0,1.0,0.9923809766769409,0.9957894682884216,1.706923007965088,0.9259259104728699,0.9259259104728699,1.0
162,1.0,1.0,2.4305778240039256e-26,1.0,1.0,1.0,0.9923809766769409,0.9957894682884216,1.706923007965088,0.9259259104728699,0.9259259104728699,1.0
163,1.0,1.0,1.5893308804443285e-12,1.0,1.0,1.0,0.9923809766769409,0.9957894682884216,1.706907033920288,0.9259259104728699,0.9259259104728699,1.0
164,1.0,1.0,4.2409162264681595e-27,1.0,1.0,1.0,0.9923809766769409,0.9957894682884216,1.706907033920288,0.9259259104728699,0.9259259104728699,1.0
165,1.0,1.0,1.1153484012534248e-28,1.0,1.0,1.0,0.9923809766769409,0.9957894682884216,1.706907033920288,0.9259259104728699,0.9259259104728699,1.0
166,1.0,1.0,3.378349088643954e-25,1.0,1.0,1.0,0.9923809766769409,0.9957894682884216,1.706907033920288,0.9259259104728699,0.9259259104728699,1.0
167,1.0,1.0,1.431714202555766e-29,1.0,1.0,1.0,0.9923809766769409,0.9957894682884216,1.706907033920288,0.9259259104728699,0.9259259104728699,1.0
168,1.0,1.0,2.346859773335316e-19,1.0,1.0,1.0,0.9923809766769409,0.9957894682884216,1.706907033920288,0.9259259104728699,0.9259259104728699,1.0
169,1.0,1.0,1.616079860311333e-31,1.0,1.0,1.0,0.9923809766769409,0.9957894682884216,1.706907033920288,0.9259259104728699,0.9259259104728699,1.0
170,1.0,1.0,6.294510489375706e-25,1.0,1.0,1.0,0.9923809766769409,0.9957894682884216,1.706907033920288,0.9259259104728699,0.9259259104728699,1.0
171,1.0,1.0,4.978121888526575e-23,1.0,1.0,1.0,0.9923809766769409,0.9957894682884216,1.706907033920288,0.9259259104728699,0.9259259104728699,1.0
172,1.0,1.0,6.741626283238806e-16,1.0,1.0,1.0,0.9923809766769409,0.9957894682884216,1.706907033920288,0.9259259104728699,0.9259259104728699,1.0
173,1.0,1.0,8.135212004269272e-16,1.0,1.0,1.0,0.9923809766769409,0.9957894682884216,1.706907033920288,0.9259259104728699,0.9259259104728699,1.0
174,1.0,1.0,3.998047892725784e-32,1.0,1.0,1.0,0.9923809766769409,0.9957894682884216,1.706907033920288,0.9259259104728699,0.9259259104728699,1.0
175,1.0,1.0,4.113012856540936e-33,1.0,1.0,1.0,0.9923809766769409,0.9957894682884216,1.706907033920288,0.9259259104728699,0.9259259104728699,1.0
176,1.0,1.0,9.394160587647249e-32,1.0,1.0,1.0,0.9923809766769409,0.9957894682884216,1.706907033920288,0.9259259104728699,0.9259259104728699,1.0
177,1.0,1.0,5.1062590266076485e-21,1.0,1.0,1.0,0.9923809766769409,0.9957894682884216,1.706907033920288,0.9259259104728699,0.9259259104728699,1.0
178,1.0,1.0,1.8781047404330705e-29,1.0,1.0,1.0,0.9923809766769409,0.9957894682884216,1.706907033920288,0.9259259104728699,0.9259259104728699,1.0
179,1.0,1.0,1.068776269861801e-22,1.0,1.0,1.0,0.9923809766769409,0.9957894682884216,1.706907033920288,0.9259259104728699,0.9259259104728699,1.0
180,1.0,1.0,4.5267156036853625e-32,1.0,1.0,1.0,0.9923809766769409,0.9957894682884216,1.706907033920288,0.9259259104728699,0.9259259104728699,1.0
181,1.0,1.0,6.248530881082515e-13,1.0,1.0,1.0,0.9923809766769409,0.9957894682884216,1.7068886756896973,0.9259259104728699,0.9259259104728699,1.0
182,1.0,1.0,3.30091179911469e-31,1.0,1.0,1.0,0.9923809766769409,0.9957894682884216,1.7068885564804077,0.9259259104728699,0.9259259104728699,1.0
183,1.0,1.0,3.466763237467687e-32,1.0,1.0,1.0,0.9923809766769409,0.9957894682884216,1.7068886756896973,0.9259259104728699,0.9259259104728699,1.0
184,1.0,1.0,4.802007402826547e-11,1.0,1.0,1.0,0.9923809766769409,0.9957894682884216,1.706527829170227,0.9259259104728699,0.9259259104728699,1.0
185,1.0,1.0,9.560216930170479e-14,1.0,1.0,1.0,0.9923809766769409,0.9957894682884216,1.7055511474609375,0.9259259104728699,0.9259259104728699,1.0
186,1.0,1.0,3.3183768126967213e-28,1.0,1.0,1.0,0.9923809766769409,0.9957894682884216,1.7055511474609375,0.9259259104728699,0.9259259104728699,1.0
187,1.0,1.0,3.628411339585127e-26,1.0,1.0,1.0,0.9923809766769409,0.9957894682884216,1.7055511474609375,0.9259259104728699,0.9259259104728699,1.0
188,1.0,1.0,1.0947161448707977e-26,1.0,1.0,1.0,0.9923809766769409,0.9957894682884216,1.7055511474609375,0.9259259104728699,0.9259259104728699,1.0
189,1.0,1.0,2.817651493050947e-20,1.0,1.0,1.0,0.9923809766769409,0.9957894682884216,1.7055511474609375,0.9259259104728699,0.9259259104728699,1.0
190,1.0,1.0,7.193304702058552e-33,1.0,1.0,1.0,0.9923809766769409,0.9957894682884216,1.705551028251648,0.9259259104728699,0.9259259104728699,1.0
191,1.0,1.0,5.380187252522172e-23,1.0,1.0,1.0,0.9923809766769409,0.9957894682884216,1.7055511474609375,0.9259259104728699,0.9259259104728699,1.0
192,1.0,1.0,5.826226130438059e-17,1.0,1.0,1.0,0.9923809766769409,0.9957894682884216,1.7055511474609375,0.9259259104728699,0.9259259104728699,1.0
193,1.0,1.0,4.6123262671575856e-29,1.0,1.0,1.0,0.9923809766769409,0.9957894682884216,1.7055511474609375,0.9259259104728699,0.9259259104728699,1.0
194,1.0,1.0,1.440798782365027e-11,1.0,1.0,1.0,0.9923809766769409,0.9957894682884216,1.7049630880355835,0.9259259104728699,0.9259259104728699,1.0
195,1.0,1.0,1.87492994648246e-32,1.0,1.0,1.0,0.9923809766769409,0.9957894682884216,1.7049630880355835,0.9259259104728699,0.9259259104728699,1.0
196,1.0,1.0,9.09678628372538e-30,1.0,1.0,1.0,0.9923809766769409,0.9957894682884216,1.704962968826294,0.9259259104728699,0.9259259104728699,1.0
197,1.0,1.0,8.093288270879116e-20,1.0,1.0,1.0,0.9923809766769409,0.9957894682884216,1.704962968826294,0.9259259104728699,0.9259259104728699,1.0
198,1.0,1.0,3.7731792558569846e-30,1.0,1.0,1.0,0.9923809766769409,0.9957894682884216,1.704962968826294,0.9259259104728699,0.9259259104728699,1.0
199,1.0,1.0,3.990424341662961e-31,1.0,1.0,1.0,0.9923809766769409,0.9957894682884216,1.704962968826294,0.9259259104728699,0.9259259104728699,1.0
